moeda,dia,direcao,magnitude_atrs,n_pares_alinhados,eficiencia,ancora_a2010,ancora_romp,fim,duracao_min_a2010,sessoes_cobertas,sessao_nascimento,split
GBP,2021-02-04,1,1.0666,7,0.3632,2021-02-04 14:30:00,2021-02-04 14:30:00,2021-02-04 23:00:00,510,londres+ny,londres,treino
AUD,2021-02-19,1,1.5428,7,0.5891,2021-02-19 08:30:00,2021-02-19 02:30:00,2021-02-19 23:30:00,900,toquio+londres+ny,toquio,treino
CHF,2021-02-19,-1,1.0187,7,0.5542,2021-02-19 12:00:00,2021-02-19 05:30:00,2021-02-19 23:30:00,690,londres+ny,londres,treino
NZD,2021-02-19,1,1.0803,6,0.4243,2021-02-19 09:30:00,2021-02-19 05:30:00,2021-02-19 18:30:00,540,toquio+londres+ny,toquio,treino
CHF,2021-02-23,-1,2.074,7,0.5512,2021-02-23 10:30:00,2021-02-23 10:00:00,2021-02-23 23:30:00,780,toquio+londres+ny,toquio,treino
JPY,2021-02-24,-1,1.5035,7,0.4884,2021-02-24 03:30:00,2021-02-24 02:30:00,2021-02-24 23:30:00,1200,toquio+londres+ny,toquio,treino
NZD,2021-02-24,1,1.7156,7,0.492,2021-02-24 03:30:00,2021-02-24 02:30:00,2021-02-24 23:00:00,1170,toquio+londres+ny,toquio,treino
AUD,2021-02-25,-1,1.462,7,0.3452,2021-02-25 17:30:00,2021-02-25 15:00:00,2021-02-25 23:00:00,330,londres+ny,londres,treino
CHF,2021-02-25,1,1.2328,7,0.3468,2021-02-25 17:30:00,2021-02-25 16:30:00,2021-02-26 00:00:00,390,londres+ny,londres,treino
EUR,2021-02-25,1,1.0723,6,0.3193,2021-02-25 10:30:00,2021-02-25 05:00:00,2021-02-25 19:30:00,540,toquio+londres+ny,toquio,treino
AUD,2021-02-26,-1,1.9901,7,0.4197,2021-02-26 06:30:00,2021-02-26 02:30:00,2021-02-26 23:00:00,990,toquio+londres+ny,toquio,treino
NZD,2021-02-26,-1,1.2983,6,0.3264,2021-02-26 12:00:00,2021-02-26 02:30:00,2021-02-26 23:00:00,660,londres+ny,londres,treino
CHF,2021-03-01,-1,1.064,7,0.3546,2021-03-01 09:30:00,2021-03-01 02:30:00,2021-03-01 21:30:00,720,toquio+londres+ny,toquio,treino
CAD,2021-03-12,1,1.0543,7,0.5444,2021-03-12 11:00:00,2021-03-12 02:30:00,2021-03-12 22:00:00,660,toquio+londres+ny,toquio,treino
AUD,2021-03-23,-1,1.0633,6,0.3687,2021-03-23 04:30:00,2021-03-23 02:30:00,2021-03-24 00:00:00,1170,toquio+londres+ny,toquio,treino
JPY,2021-03-23,1,1.5583,7,0.5281,2021-03-23 06:30:00,2021-03-23 02:30:00,2021-03-24 00:00:00,1050,toquio+londres+ny,toquio,treino
NZD,2021-03-23,-1,1.5161,7,0.449,2021-03-23 03:30:00,2021-03-23 02:30:00,2021-03-23 21:00:00,1050,toquio+londres+ny,toquio,treino
USD,2021-03-23,1,1.0359,6,0.5328,2021-03-23 05:00:00,2021-03-23 02:30:00,2021-03-24 00:00:00,1140,toquio+londres+ny,toquio,treino
GBP,2021-04-06,-1,1.2625,7,0.5225,2021-04-06 11:30:00,2021-04-06 10:00:00,2021-04-07 00:00:00,750,toquio+londres+ny,toquio,treino
AUD,2021-04-14,1,1.1652,6,0.5058,2021-04-14 08:30:00,2021-04-14 05:30:00,2021-04-14 20:00:00,690,toquio+londres+ny,toquio,treino
NZD,2021-04-14,1,1.3653,7,0.5035,2021-04-14 06:00:00,2021-04-14 05:30:00,2021-04-14 18:30:00,750,toquio+londres+ny,toquio,treino
CAD,2021-04-19,-1,1.1395,7,0.5199,2021-04-19 11:30:00,2021-04-19 08:30:00,2021-04-19 21:30:00,600,toquio+londres+ny,toquio,treino
GBP,2021-04-19,1,1.2162,7,0.4435,2021-04-19 15:00:00,2021-04-19 13:00:00,2021-04-19 22:30:00,450,londres+ny,londres,treino
CAD,2021-04-21,1,1.1606,7,0.4032,2021-04-21 17:30:00,2021-04-21 17:30:00,2021-04-21 18:00:00,30,londres+ny,londres,treino
USD,2021-04-30,1,1.0735,7,0.445,2021-04-30 14:00:00,2021-04-30 08:30:00,2021-04-30 22:30:00,510,londres+ny,londres,treino
GBP,2021-05-10,1,1.119,7,0.3912,2021-05-10 08:30:00,2021-05-10 07:30:00,2021-05-10 21:30:00,780,toquio+londres+ny,toquio,treino
AUD,2021-05-12,-1,1.1462,7,0.4701,2021-05-12 05:00:00,2021-05-12 03:30:00,2021-05-12 22:30:00,1050,toquio+londres+ny,toquio,treino
NZD,2021-05-12,-1,1.0173,6,0.4361,2021-05-12 07:00:00,2021-05-12 04:00:00,2021-05-12 23:00:00,960,toquio+londres+ny,toquio,treino
USD,2021-05-12,1,1.1751,7,0.4767,2021-05-12 16:30:00,2021-05-12 03:30:00,2021-05-13 00:00:00,450,londres+ny,londres,treino
NZD,2021-05-26,1,1.3709,7,0.3546,2021-05-26 05:30:00,2021-05-26 03:30:00,2021-05-26 23:00:00,1050,toquio+londres+ny,toquio,treino
JPY,2021-05-27,-1,1.2628,7,0.4666,2021-05-27 14:30:00,2021-05-27 10:00:00,2021-05-27 21:00:00,390,londres+ny,londres,treino
USD,2021-06-03,1,1.1609,7,0.4539,2021-06-03 14:00:00,2021-06-03 05:00:00,2021-06-03 21:30:00,450,londres+ny,londres,treino
USD,2021-06-16,1,1.4852,7,0.4828,2021-06-16 21:30:00,2021-06-16 21:30:00,2021-06-17 00:00:00,150,ny,ny,treino
CHF,2021-06-17,-1,1.0621,7,0.4244,2021-06-17 10:00:00,2021-06-17 05:30:00,2021-06-17 20:00:00,600,toquio+londres+ny,toquio,treino
JPY,2021-06-17,1,2.3056,7,0.5715,2021-06-17 10:30:00,2021-06-17 09:00:00,2021-06-17 19:30:00,540,toquio+londres+ny,toquio,treino
JPY,2021-06-18,1,1.4205,7,0.3749,2021-06-18 05:30:00,2021-06-18 03:30:00,2021-06-19 00:00:00,1110,toquio+londres+ny,toquio,treino
CAD,2021-07-06,-1,1.0633,7,0.3456,2021-07-06 11:30:00,2021-07-06 03:30:00,2021-07-06 17:30:00,360,toquio+londres+ny,toquio,treino
AUD,2021-07-08,-1,1.2406,6,0.3507,2021-07-08 05:00:00,2021-07-08 03:30:00,2021-07-08 18:00:00,780,toquio+londres+ny,toquio,treino
CHF,2021-07-08,1,2.2816,7,0.5589,2021-07-08 10:30:00,2021-07-08 03:30:00,2021-07-08 18:00:00,450,toquio+londres+ny,toquio,treino
JPY,2021-07-08,1,1.1366,6,0.3122,2021-07-08 04:00:00,2021-07-08 03:30:00,2021-07-08 18:00:00,840,toquio+londres+ny,toquio,treino
NZD,2021-07-08,-1,1.3902,7,0.4391,2021-07-08 05:00:00,2021-07-08 03:30:00,2021-07-08 18:00:00,780,toquio+londres+ny,toquio,treino
NZD,2021-07-14,1,1.2431,7,0.3562,2021-07-14 04:00:00,2021-07-14 03:30:00,2021-07-14 09:30:00,330,toquio,toquio,treino
CAD,2021-07-19,-1,1.0277,7,0.3172,2021-07-19 08:30:00,2021-07-19 03:30:00,2021-07-19 13:30:00,300,toquio+londres,toquio,treino
JPY,2021-07-19,1,1.0331,7,0.3374,2021-07-19 10:30:00,2021-07-19 10:30:00,2021-07-19 17:30:00,420,toquio+londres+ny,toquio,treino
NZD,2021-08-17,-1,1.4959,7,0.3199,2021-08-17 06:00:00,2021-08-17 04:30:00,2021-08-17 13:30:00,450,toquio+londres,toquio,treino
USD,2021-08-17,1,1.1559,7,0.4191,2021-08-17 06:00:00,2021-08-17 03:30:00,2021-08-17 20:00:00,840,toquio+londres+ny,toquio,treino
AUD,2021-08-19,-1,1.1382,6,0.369,2021-08-19 06:00:00,2021-08-19 03:30:00,2021-08-19 12:30:00,390,toquio+londres,toquio,treino
CAD,2021-08-19,-1,1.4872,7,0.4869,2021-08-19 09:30:00,2021-08-19 08:00:00,2021-08-20 00:00:00,870,toquio+londres+ny,toquio,treino
JPY,2021-08-19,1,1.0971,7,0.3252,2021-08-19 09:30:00,2021-08-19 09:00:00,2021-08-19 12:30:00,180,toquio+londres,toquio,treino
CAD,2021-08-23,1,1.285,7,0.5355,2021-08-23 04:30:00,2021-08-23 03:30:00,2021-08-23 22:00:00,1050,toquio+londres+ny,toquio,treino
USD,2021-08-23,-1,1.1474,7,0.4947,2021-08-23 05:00:00,2021-08-23 03:30:00,2021-08-23 22:00:00,1020,toquio+londres+ny,toquio,treino
GBP,2021-09-20,-1,1.1069,7,0.3756,2021-09-20 10:00:00,2021-09-20 07:30:00,2021-09-20 22:00:00,720,toquio+londres+ny,toquio,treino
JPY,2021-09-23,-1,1.6044,7,0.5245,2021-09-23 09:30:00,2021-09-23 03:30:00,2021-09-23 22:00:00,750,toquio+londres+ny,toquio,treino
GBP,2021-09-28,-1,1.3678,7,0.5098,2021-09-28 13:30:00,2021-09-28 11:00:00,2021-09-28 17:30:00,240,londres+ny,londres,treino
USD,2021-09-29,1,1.1592,7,0.4317,2021-09-29 14:30:00,2021-09-29 10:00:00,2021-09-29 23:30:00,540,londres+ny,londres,treino
EUR,2021-09-30,-1,1.0652,7,0.4647,2021-09-30 09:00:00,2021-09-30 03:30:00,2021-10-01 00:00:00,900,toquio+londres+ny,toquio,treino
AUD,2021-10-11,1,1.1204,7,0.5061,2021-10-11 04:00:00,2021-10-11 03:30:00,2021-10-11 19:00:00,900,toquio+londres+ny,toquio,treino
JPY,2021-10-11,-1,1.3048,7,0.5099,2021-10-11 04:30:00,2021-10-11 03:30:00,2021-10-11 19:00:00,870,toquio+londres+ny,toquio,treino
NZD,2021-10-14,1,1.0674,7,0.5159,2021-10-14 10:00:00,2021-10-14 03:30:00,2021-10-14 23:00:00,780,toquio+londres+ny,toquio,treino
EUR,2021-10-29,-1,1.3418,7,0.5294,2021-10-29 12:00:00,2021-10-29 04:30:00,2021-10-29 20:00:00,480,toquio+londres+ny,toquio,treino
CHF,2021-11-01,1,1.0143,7,0.4395,2021-11-01 12:00:00,2021-11-01 09:00:00,2021-11-01 22:30:00,630,londres+ny,londres,treino
AUD,2021-11-02,-1,1.3022,7,0.4359,2021-11-02 06:00:00,2021-11-02 05:30:00,2021-11-02 19:30:00,810,toquio+londres+ny,toquio,treino
GBP,2021-11-04,-1,1.5669,7,0.5143,2021-11-04 14:30:00,2021-11-04 10:00:00,2021-11-04 18:00:00,210,londres+ny,londres,treino
JPY,2021-11-04,1,1.1708,7,0.5382,2021-11-04 10:30:00,2021-11-04 05:30:00,2021-11-04 17:30:00,420,toquio+londres+ny,toquio,treino
USD,2021-11-10,1,1.287,7,0.4681,2021-11-10 13:30:00,2021-11-10 03:00:00,2021-11-10 23:00:00,570,londres+ny,londres,treino
EUR,2021-11-15,-1,1.0383,7,0.4543,2021-11-15 14:00:00,2021-11-15 10:00:00,2021-11-15 23:00:00,540,londres+ny,londres,treino
NZD,2021-11-24,-1,1.2604,7,0.3874,2021-11-24 03:30:00,2021-11-24 03:00:00,2021-11-24 20:00:00,990,toquio+londres+ny,toquio,treino
CAD,2021-11-26,-1,2.1124,7,0.4257,2021-11-26 05:00:00,2021-11-26 02:30:00,2021-11-26 23:00:00,1080,toquio+londres+ny,toquio,treino
CHF,2021-11-26,1,1.6264,6,0.3554,2021-11-26 05:00:00,2021-11-26 02:30:00,2021-11-26 22:00:00,1020,toquio+londres+ny,toquio,treino
JPY,2021-11-26,1,2.0012,7,0.3048,2021-11-26 05:00:00,2021-11-26 02:30:00,2021-11-26 20:00:00,900,toquio+londres+ny,toquio,treino
AUD,2021-12-03,-1,1.3143,7,0.4803,2021-12-03 11:00:00,2021-12-03 02:30:00,2021-12-03 22:00:00,660,toquio+londres+ny,toquio,treino
CHF,2021-12-06,-1,1.0595,7,0.479,2021-12-06 04:30:00,2021-12-06 02:30:00,2021-12-06 20:00:00,930,toquio+londres+ny,toquio,treino
JPY,2022-01-04,-1,1.3302,7,0.4225,2022-01-04 05:00:00,2022-01-04 02:30:00,2022-01-04 18:00:00,780,toquio+londres+ny,toquio,treino
AUD,2022-01-06,-1,1.0109,7,0.4134,2022-01-06 04:30:00,2022-01-06 02:30:00,2022-01-06 17:00:00,750,toquio+londres+ny,toquio,treino
CHF,2022-01-10,-1,1.4107,7,0.6479,2022-01-10 09:30:00,2022-01-10 04:00:00,2022-01-10 23:00:00,810,toquio+londres+ny,toquio,treino
USD,2022-01-12,-1,1.2484,7,0.4278,2022-01-12 16:00:00,2022-01-12 13:30:00,2022-01-12 22:00:00,360,londres+ny,londres,treino
CHF,2022-01-21,1,1.1945,7,0.4231,2022-01-21 04:00:00,2022-01-21 02:30:00,2022-01-21 22:00:00,1080,toquio+londres+ny,toquio,treino
USD,2022-01-27,1,1.1733,7,0.4656,2022-01-27 03:30:00,2022-01-27 02:30:00,2022-01-27 22:00:00,1110,toquio+londres+ny,toquio,treino
EUR,2022-02-03,1,1.9057,7,0.5782,2022-02-03 16:00:00,2022-02-03 16:00:00,2022-02-03 23:30:00,450,londres+ny,londres,treino
JPY,2022-02-03,-1,1.1959,7,0.5235,2022-02-03 10:00:00,2022-02-03 02:30:00,2022-02-04 00:00:00,840,toquio+londres+ny,toquio,treino
CHF,2022-02-22,-1,1.022,7,0.3263,2022-02-22 10:30:00,2022-02-22 10:00:00,2022-02-22 17:30:00,420,toquio+londres+ny,toquio,treino
USD,2022-02-28,-1,1.009,7,0.332,2022-02-28 12:30:00,2022-02-28 09:30:00,2022-03-01 00:00:00,690,londres+ny,londres,treino
EUR,2022-03-04,-1,1.562,7,0.4629,2022-03-04 05:30:00,2022-03-04 02:30:00,2022-03-04 22:00:00,990,toquio+londres+ny,toquio,treino
GBP,2022-03-04,-1,1.1111,6,0.4809,2022-03-04 10:30:00,2022-03-04 09:00:00,2022-03-04 22:00:00,690,toquio+londres+ny,toquio,treino
NZD,2022-03-04,1,1.1726,7,0.365,2022-03-04 08:30:00,2022-03-04 05:30:00,2022-03-04 22:00:00,810,toquio+londres+ny,toquio,treino
EUR,2022-03-09,1,1.2474,7,0.3331,2022-03-09 14:00:00,2022-03-09 02:30:00,2022-03-09 20:00:00,360,londres+ny,londres,treino
AUD,2022-03-14,-1,1.0483,7,0.4245,2022-03-14 03:00:00,2022-03-14 02:30:00,2022-03-14 20:30:00,1050,toquio+londres+ny,toquio,treino
JPY,2022-03-22,-1,1.6178,7,0.48,2022-03-22 06:30:00,2022-03-22 02:30:00,2022-03-22 22:30:00,960,toquio+londres+ny,toquio,treino
NZD,2022-03-22,1,1.1058,7,0.5078,2022-03-22 06:30:00,2022-03-22 04:30:00,2022-03-23 00:00:00,1050,toquio+londres+ny,toquio,treino
JPY,2022-03-24,-1,1.1208,7,0.4448,2022-03-24 11:30:00,2022-03-24 08:00:00,2022-03-25 00:00:00,750,londres+ny,londres,treino
EUR,2022-04-04,-1,1.0406,7,0.6409,2022-04-04 10:00:00,2022-04-04 03:30:00,2022-04-04 21:30:00,690,toquio+londres+ny,toquio,treino
GBP,2022-04-13,1,1.2388,7,0.578,2022-04-13 11:30:00,2022-04-13 06:00:00,2022-04-13 23:30:00,720,toquio+londres+ny,toquio,treino
NZD,2022-04-13,-1,1.3124,7,0.4696,2022-04-13 07:30:00,2022-04-13 06:00:00,2022-04-13 22:00:00,870,toquio+londres+ny,toquio,treino
JPY,2022-04-19,-1,1.3704,7,0.4419,2022-04-19 05:00:00,2022-04-19 03:30:00,2022-04-19 22:30:00,1050,toquio+londres+ny,toquio,treino
AUD,2022-04-22,-1,1.0203,7,0.3638,2022-04-22 06:30:00,2022-04-22 06:30:00,2022-04-22 22:00:00,930,toquio+londres+ny,toquio,treino
GBP,2022-04-22,-1,1.2472,6,0.4023,2022-04-22 10:00:00,2022-04-22 09:30:00,2022-04-22 22:00:00,720,toquio+londres+ny,toquio,treino
USD,2022-04-22,1,1.0801,7,0.4108,2022-04-22 10:00:00,2022-04-22 03:30:00,2022-04-22 19:30:00,570,toquio+londres+ny,toquio,treino
GBP,2022-04-26,-1,1.1325,7,0.5025,2022-04-26 12:30:00,2022-04-26 08:00:00,2022-04-27 00:00:00,690,londres+ny,londres,treino
GBP,2022-04-29,1,1.2079,7,0.5642,2022-04-29 10:00:00,2022-04-29 07:00:00,2022-04-30 00:00:00,840,toquio+londres+ny,toquio,treino
AUD,2022-05-04,1,1.2909,7,0.5241,2022-05-04 14:00:00,2022-05-04 05:00:00,2022-05-04 23:00:00,540,londres+ny,londres,treino
USD,2022-05-04,-1,1.1557,7,0.4584,2022-05-04 21:30:00,2022-05-04 18:00:00,2022-05-05 00:00:00,150,ny,ny,treino
USD,2022-05-05,1,1.2959,7,0.3986,2022-05-05 10:00:00,2022-05-05 06:30:00,2022-05-05 21:00:00,660,toquio+londres+ny,toquio,treino
EUR,2022-05-12,-1,1.0033,7,0.3591,2022-05-12 10:30:00,2022-05-12 10:30:00,2022-05-12 20:00:00,570,toquio+londres+ny,toquio,treino
JPY,2022-05-12,1,1.4764,7,0.3498,2022-05-12 08:30:00,2022-05-12 06:00:00,2022-05-12 22:00:00,810,toquio+londres+ny,toquio,treino
CHF,2022-05-18,1,1.1597,6,0.4461,2022-05-18 17:30:00,2022-05-18 17:30:00,2022-05-19 00:00:00,390,londres+ny,londres,treino
JPY,2022-05-18,1,1.1287,7,0.4493,2022-05-18 06:30:00,2022-05-18 03:30:00,2022-05-18 23:30:00,1020,toquio+londres+ny,toquio,treino
GBP,2022-06-10,-1,1.1288,7,0.4309,2022-06-10 09:30:00,2022-06-10 03:30:00,2022-06-10 21:30:00,720,toquio+londres+ny,toquio,treino
JPY,2022-06-13,1,1.0708,7,0.3241,2022-06-13 11:00:00,2022-06-13 09:30:00,2022-06-13 18:00:00,420,toquio+londres+ny,toquio,treino
AUD,2022-06-15,1,1.1353,7,0.4297,2022-06-15 04:30:00,2022-06-15 03:30:00,2022-06-15 22:30:00,1080,toquio+londres+ny,toquio,treino
CAD,2022-06-16,-1,1.9532,7,0.6175,2022-06-16 12:00:00,2022-06-16 05:30:00,2022-06-16 22:00:00,600,toquio+londres+ny,toquio,treino
CHF,2022-06-16,1,2.3467,7,0.4117,2022-06-16 11:00:00,2022-06-16 07:00:00,2022-06-16 18:00:00,420,toquio+londres+ny,toquio,treino
JPY,2022-06-17,-1,1.017,7,0.382,2022-06-17 04:00:00,2022-06-17 03:30:00,2022-06-17 12:30:00,510,toquio+londres,toquio,treino
JPY,2022-07-28,1,1.2423,7,0.4846,2022-07-28 04:30:00,2022-07-28 04:00:00,2022-07-28 20:30:00,960,toquio+londres+ny,toquio,treino
USD,2022-08-10,-1,1.2947,7,0.4831,2022-08-10 12:30:00,2022-08-10 10:00:00,2022-08-10 18:00:00,330,londres+ny,londres,treino
JPY,2022-09-06,-1,1.3643,7,0.4767,2022-09-06 08:00:00,2022-09-06 03:30:00,2022-09-06 19:00:00,660,toquio+londres+ny,toquio,treino
JPY,2022-09-07,-1,1.0685,7,0.3387,2022-09-07 06:30:00,2022-09-07 05:30:00,2022-09-07 20:00:00,810,toquio+londres+ny,toquio,treino
AUD,2022-09-13,-1,1.0255,6,0.357,2022-09-13 16:00:00,2022-09-13 15:30:00,2022-09-13 23:30:00,450,londres+ny,londres,treino
NZD,2022-09-13,-1,1.1265,7,0.4451,2022-09-13 15:00:00,2022-09-13 04:30:00,2022-09-13 22:30:00,450,londres+ny,londres,treino
USD,2022-09-13,1,1.6613,7,0.4448,2022-09-13 16:00:00,2022-09-13 16:00:00,2022-09-14 00:00:00,480,londres+ny,londres,treino
GBP,2022-09-23,-1,2.9158,7,0.5654,2022-09-23 13:00:00,2022-09-23 03:30:00,2022-09-24 00:00:00,660,londres+ny,londres,treino
USD,2022-09-23,1,1.3746,7,0.4419,2022-09-23 10:30:00,2022-09-23 05:00:00,2022-09-23 22:00:00,690,toquio+londres+ny,toquio,treino
GBP,2022-09-29,1,1.5664,7,0.49,2022-09-29 12:30:00,2022-09-29 10:00:00,2022-09-30 00:00:00,690,londres+ny,londres,treino
NZD,2022-09-30,-1,1.5111,7,0.6307,2022-09-30 12:30:00,2022-09-30 03:30:00,2022-09-30 23:00:00,630,londres+ny,londres,treino
CHF,2022-10-03,-1,1.2416,7,0.535,2022-10-03 10:30:00,2022-10-03 03:30:00,2022-10-03 23:00:00,750,toquio+londres+ny,toquio,treino
GBP,2022-11-03,-1,1.2548,7,0.5135,2022-11-03 10:30:00,2022-11-03 09:00:00,2022-11-03 21:30:00,660,toquio+londres+ny,toquio,treino
USD,2022-11-04,-1,1.5146,7,0.5302,2022-11-04 06:30:00,2022-11-04 02:30:00,2022-11-04 22:30:00,960,toquio+londres+ny,toquio,treino
CHF,2022-11-09,1,1.0135,7,0.5689,2022-11-09 11:30:00,2022-11-09 09:00:00,2022-11-10 00:00:00,750,londres+ny,londres,treino
JPY,2022-11-10,1,1.3103,7,0.5086,2022-11-10 16:00:00,2022-11-10 09:30:00,2022-11-10 23:30:00,450,londres+ny,londres,treino
USD,2022-11-10,-1,1.6651,7,0.4157,2022-11-10 16:00:00,2022-11-10 16:00:00,2022-11-10 23:30:00,450,londres+ny,londres,treino
CHF,2022-11-11,1,1.247,7,0.3177,2022-11-11 15:00:00,2022-11-11 13:30:00,2022-11-11 23:30:00,510,londres+ny,londres,treino
USD,2022-11-11,-1,1.0574,7,0.3765,2022-11-11 09:30:00,2022-11-11 07:00:00,2022-11-11 22:00:00,750,toquio+londres+ny,toquio,treino
AUD,2022-12-15,-1,1.2371,7,0.4558,2022-12-15 07:00:00,2022-12-15 04:00:00,2022-12-15 20:00:00,780,toquio+londres+ny,toquio,treino
GBP,2022-12-15,-1,1.0275,6,0.3298,2022-12-15 15:00:00,2022-12-15 14:00:00,2022-12-15 23:00:00,480,londres+ny,londres,treino
USD,2022-12-15,1,1.0914,7,0.4142,2022-12-15 07:00:00,2022-12-15 03:30:00,2022-12-15 20:00:00,780,toquio+londres+ny,toquio,treino
JPY,2022-12-20,1,3.3571,7,0.4679,2022-12-20 05:30:00,2022-12-20 05:30:00,2022-12-20 20:00:00,870,toquio+londres+ny,toquio,treino
CAD,2023-01-04,1,1.0654,6,0.389,2023-01-04 16:00:00,2023-01-04 13:30:00,2023-01-05 00:00:00,480,londres+ny,londres,treino
JPY,2023-01-04,-1,1.2516,7,0.4932,2023-01-04 12:30:00,2023-01-04 10:30:00,2023-01-04 23:30:00,660,londres+ny,londres,treino
USD,2023-01-06,-1,1.278,7,0.3273,2023-01-06 17:30:00,2023-01-06 17:30:00,2023-01-06 22:30:00,300,londres+ny,londres,treino
CHF,2023-01-11,-1,1.2275,7,0.4306,2023-01-11 14:00:00,2023-01-11 12:00:00,2023-01-11 23:30:00,570,londres+ny,londres,treino
JPY,2023-01-12,1,1.3099,7,0.4775,2023-01-12 10:30:00,2023-01-12 02:30:00,2023-01-12 23:00:00,750,toquio+londres+ny,toquio,treino
NZD,2023-01-20,1,1.0043,7,0.4716,2023-01-20 04:00:00,2023-01-20 02:30:00,2023-01-20 23:30:00,1170,toquio+londres+ny,toquio,treino
CHF,2023-01-31,1,1.1187,7,0.4624,2023-01-31 14:30:00,2023-01-31 03:00:00,2023-02-01 00:00:00,570,londres+ny,londres,treino
NZD,2023-02-03,-1,1.1348,7,0.4452,2023-02-03 16:00:00,2023-02-03 16:00:00,2023-02-03 23:00:00,420,londres+ny,londres,treino
USD,2023-02-03,1,1.5343,7,0.5201,2023-02-03 16:00:00,2023-02-03 15:30:00,2023-02-04 00:00:00,480,londres+ny,londres,treino
CAD,2023-02-10,1,1.2184,7,0.5677,2023-02-10 15:30:00,2023-02-10 11:00:00,2023-02-10 22:00:00,390,londres+ny,londres,treino
JPY,2023-02-13,-1,1.0724,7,0.4503,2023-02-13 06:00:00,2023-02-13 03:00:00,2023-02-13 18:00:00,720,toquio+londres+ny,toquio,treino
GBP,2023-02-21,1,1.3452,7,0.4552,2023-02-21 12:00:00,2023-02-21 12:00:00,2023-02-21 20:00:00,480,londres+ny,londres,treino
AUD,2023-03-07,-1,1.3253,7,0.4537,2023-03-07 06:00:00,2023-03-07 06:00:00,2023-03-07 21:30:00,930,toquio+londres+ny,toquio,treino
USD,2023-03-07,1,1.6029,7,0.5358,2023-03-07 14:00:00,2023-03-07 10:30:00,2023-03-07 23:30:00,570,londres+ny,londres,treino
CHF,2023-03-09,1,1.0406,7,0.3823,2023-03-09 18:30:00,2023-03-09 17:00:00,2023-03-10 00:00:00,330,londres+ny,londres,treino
CHF,2023-03-15,-1,1.7187,7,0.3579,2023-03-15 18:00:00,2023-03-15 10:30:00,2023-03-15 22:30:00,270,londres+ny,londres,treino
JPY,2023-03-15,1,1.689,7,0.3136,2023-03-15 12:00:00,2023-03-15 11:30:00,2023-03-15 18:30:00,390,londres+ny,londres,treino
CHF,2023-03-21,1,1.0852,7,0.4952,2023-03-21 11:00:00,2023-03-21 02:30:00,2023-03-21 18:30:00,450,toquio+londres+ny,toquio,treino
AUD,2023-04-03,1,1.31,7,0.5559,2023-04-03 05:00:00,2023-04-03 03:30:00,2023-04-03 19:30:00,870,toquio+londres+ny,toquio,treino
USD,2023-04-03,-1,1.0129,7,0.43,2023-04-03 11:00:00,2023-04-03 10:00:00,2023-04-03 23:00:00,720,toquio+londres+ny,toquio,treino
EUR,2023-04-26,1,1.0222,7,0.3885,2023-04-26 09:00:00,2023-04-26 05:30:00,2023-04-26 16:30:00,450,toquio+londres+ny,toquio,treino
GBP,2023-04-28,1,1.1042,6,0.417,2023-04-28 10:30:00,2023-04-28 07:30:00,2023-04-28 19:30:00,540,toquio+londres+ny,toquio,treino
JPY,2023-04-28,-1,2.3757,7,0.4957,2023-04-28 07:30:00,2023-04-28 07:30:00,2023-04-28 17:30:00,600,toquio+londres+ny,toquio,treino
CAD,2023-05-02,-1,1.1757,7,0.5253,2023-05-02 09:30:00,2023-05-02 03:30:00,2023-05-02 20:00:00,630,toquio+londres+ny,toquio,treino
EUR,2023-05-04,-1,1.1954,7,0.4051,2023-05-04 11:00:00,2023-05-04 03:30:00,2023-05-04 20:00:00,540,toquio+londres+ny,toquio,treino
NZD,2023-05-04,1,1.2023,7,0.4929,2023-05-04 04:30:00,2023-05-04 03:30:00,2023-05-04 20:00:00,930,toquio+londres+ny,toquio,treino
CAD,2023-05-05,1,1.4212,7,0.5813,2023-05-05 14:30:00,2023-05-05 10:30:00,2023-05-06 00:00:00,570,londres+ny,londres,treino
CHF,2023-05-05,-1,1.0944,7,0.4544,2023-05-05 10:00:00,2023-05-05 03:30:00,2023-05-05 17:30:00,450,toquio+londres+ny,toquio,treino
USD,2023-05-11,1,1.0078,7,0.3903,2023-05-11 10:00:00,2023-05-11 05:00:00,2023-05-11 19:00:00,540,toquio+londres+ny,toquio,treino
NZD,2023-05-12,-1,1.2751,7,0.4654,2023-05-12 05:00:00,2023-05-12 04:00:00,2023-05-12 18:30:00,810,toquio+londres+ny,toquio,treino
AUD,2023-06-02,1,1.0148,7,0.4351,2023-06-02 05:00:00,2023-06-02 04:30:00,2023-06-02 18:30:00,810,toquio+londres+ny,toquio,treino
AUD,2023-06-06,1,1.187,7,0.3705,2023-06-06 08:00:00,2023-06-06 05:30:00,2023-06-06 22:30:00,870,toquio+londres+ny,toquio,treino
JPY,2023-06-13,-1,1.1196,7,0.4962,2023-06-13 09:30:00,2023-06-13 07:00:00,2023-06-14 00:00:00,870,toquio+londres+ny,toquio,treino
JPY,2023-06-15,-1,1.257,7,0.4019,2023-06-15 04:00:00,2023-06-15 03:30:00,2023-06-15 22:00:00,1080,toquio+londres+ny,toquio,treino
JPY,2023-06-16,-1,1.3981,7,0.3564,2023-06-16 08:30:00,2023-06-16 07:00:00,2023-06-16 21:30:00,780,toquio+londres+ny,toquio,treino
AUD,2023-06-23,-1,1.0533,7,0.413,2023-06-23 05:00:00,2023-06-23 04:30:00,2023-06-23 17:00:00,720,toquio+londres+ny,toquio,treino
CAD,2023-07-06,-1,1.0549,7,0.5115,2023-07-06 09:00:00,2023-07-06 03:30:00,2023-07-06 23:30:00,870,toquio+londres+ny,toquio,treino
USD,2023-07-07,-1,1.2062,7,0.5939,2023-07-07 15:30:00,2023-07-07 07:30:00,2023-07-07 20:00:00,270,londres+ny,londres,treino
USD,2023-07-12,-1,1.306,7,0.429,2023-07-12 16:00:00,2023-07-12 03:30:00,2023-07-12 22:00:00,360,londres+ny,londres,treino
USD,2023-07-13,-1,1.1172,7,0.3933,2023-07-13 09:30:00,2023-07-13 09:30:00,2023-07-13 22:30:00,780,toquio+londres+ny,toquio,treino
JPY,2023-07-21,-1,1.1764,7,0.3547,2023-07-21 05:30:00,2023-07-21 03:30:00,2023-07-21 12:00:00,390,toquio+londres,toquio,treino
JPY,2023-07-27,1,1.3136,7,0.3048,2023-07-27 20:30:00,2023-07-27 20:30:00,2023-07-27 23:00:00,150,ny,ny,treino
JPY,2023-07-31,-1,1.0585,7,0.5486,2023-07-31 04:30:00,2023-07-31 03:30:00,2023-07-31 17:00:00,750,toquio+londres+ny,toquio,treino
AUD,2023-08-01,-1,1.0718,7,0.5115,2023-08-01 08:00:00,2023-08-01 05:00:00,2023-08-01 20:30:00,750,toquio+londres+ny,toquio,treino
USD,2023-08-24,1,1.0111,7,0.4112,2023-08-24 10:30:00,2023-08-24 07:00:00,2023-08-24 23:00:00,750,toquio+londres+ny,toquio,treino
EUR,2023-08-31,-1,1.2882,7,0.6296,2023-08-31 10:30:00,2023-08-31 03:30:00,2023-09-01 00:00:00,810,toquio+londres+ny,toquio,treino
EUR,2023-09-14,-1,1.2832,7,0.5237,2023-09-14 15:30:00,2023-09-14 12:00:00,2023-09-14 22:00:00,390,londres+ny,londres,treino
AUD,2023-09-28,1,1.1502,7,0.4107,2023-09-28 04:30:00,2023-09-28 03:30:00,2023-09-29 00:00:00,1170,toquio+londres+ny,toquio,treino
CAD,2023-09-29,-1,1.1216,7,0.4374,2023-09-29 17:30:00,2023-09-29 16:00:00,2023-09-30 00:00:00,390,londres+ny,londres,treino
USD,2023-10-02,1,1.023,7,0.3777,2023-10-02 12:30:00,2023-10-02 11:00:00,2023-10-03 00:00:00,690,londres+ny,londres,treino
AUD,2023-10-03,-1,1.11,7,0.3705,2023-10-03 06:00:00,2023-10-03 04:30:00,2023-10-03 21:30:00,930,toquio+londres+ny,toquio,treino
JPY,2023-10-03,1,1.3021,7,0.3689,2023-10-03 07:30:00,2023-10-03 03:30:00,2023-10-03 23:00:00,930,toquio+londres+ny,toquio,treino
JPY,2023-10-06,-1,1.0141,7,0.417,2023-10-06 09:30:00,2023-10-06 03:30:00,2023-10-06 21:30:00,720,toquio+londres+ny,toquio,treino
USD,2023-10-12,1,1.2715,7,0.5402,2023-10-12 16:00:00,2023-10-12 10:30:00,2023-10-12 22:00:00,360,londres+ny,londres,treino
CHF,2023-10-13,1,1.1843,7,0.4679,2023-10-13 16:00:00,2023-10-13 12:00:00,2023-10-13 20:30:00,270,londres+ny,londres,treino
CHF,2023-10-19,1,1.0402,7,0.5406,2023-10-19 09:00:00,2023-10-19 03:30:00,2023-10-19 23:30:00,870,toquio+londres+ny,toquio,treino
JPY,2023-10-27,1,1.0776,7,0.6318,2023-10-27 09:00:00,2023-10-27 03:30:00,2023-10-27 21:30:00,750,toquio+londres+ny,toquio,treino
JPY,2023-10-31,-1,2.0375,7,0.5472,2023-10-31 05:30:00,2023-10-31 02:30:00,2023-10-31 21:00:00,930,toquio+londres+ny,toquio,treino
USD,2023-10-31,1,1.0485,7,0.419,2023-10-31 05:30:00,2023-10-31 02:30:00,2023-10-31 19:00:00,810,toquio+londres+ny,toquio,treino
GBP,2023-11-03,1,1.0025,6,0.5447,2023-11-03 14:30:00,2023-11-03 12:00:00,2023-11-03 20:00:00,330,londres+ny,londres,treino
NZD,2023-11-03,1,1.0366,7,0.4075,2023-11-03 10:30:00,2023-11-03 08:00:00,2023-11-04 00:00:00,810,toquio+londres+ny,toquio,treino
USD,2023-11-03,-1,1.5507,7,0.475,2023-11-03 13:30:00,2023-11-03 04:00:00,2023-11-03 19:00:00,330,londres+ny,londres,treino
NZD,2023-11-14,1,1.1273,7,0.3963,2023-11-14 16:00:00,2023-11-14 16:00:00,2023-11-14 23:30:00,450,londres+ny,londres,treino
USD,2023-11-14,-1,2.0529,7,0.6122,2023-11-14 16:00:00,2023-11-14 16:00:00,2023-11-14 22:30:00,390,londres+ny,londres,treino
JPY,2023-11-20,1,1.0321,7,0.3856,2023-11-20 03:30:00,2023-11-20 02:30:00,2023-11-20 14:00:00,630,toquio+londres,toquio,treino
JPY,2023-11-22,-1,1.0031,7,0.4309,2023-11-22 07:30:00,2023-11-22 02:30:00,2023-11-22 23:30:00,960,toquio+londres+ny,toquio,treino
EUR,2023-11-30,-1,1.0215,7,0.3924,2023-11-30 05:00:00,2023-11-30 03:00:00,2023-11-30 18:00:00,780,toquio+londres+ny,toquio,treino
EUR,2023-12-01,-1,1.2475,7,0.3922,2023-12-01 16:00:00,2023-12-01 10:30:00,2023-12-01 22:00:00,360,londres+ny,londres,treino
AUD,2023-12-05,-1,1.0067,7,0.3813,2023-12-05 05:00:00,2023-12-05 02:30:00,2023-12-05 16:00:00,660,toquio+londres+ny,toquio,treino
JPY,2023-12-07,1,2.4511,7,0.4589,2023-12-07 07:00:00,2023-12-07 02:30:00,2023-12-07 20:00:00,780,toquio+londres+ny,toquio,treino
AUD,2023-12-13,1,1.1729,6,0.431,2023-12-13 16:00:00,2023-12-13 09:30:00,2023-12-13 23:30:00,450,londres+ny,londres,treino
JPY,2023-12-13,1,1.0635,7,0.4698,2023-12-13 20:30:00,2023-12-13 16:00:00,2023-12-14 00:00:00,210,ny,ny,treino
EUR,2023-12-15,-1,1.0655,7,0.4751,2023-12-15 10:30:00,2023-12-15 02:30:00,2023-12-15 18:30:00,480,toquio+londres+ny,toquio,treino
JPY,2023-12-19,-1,1.1797,7,0.3709,2023-12-19 05:00:00,2023-12-19 04:30:00,2023-12-19 13:00:00,480,toquio+londres,toquio,treino
JPY,2024-01-04,-1,1.0917,7,0.4841,2024-01-04 04:00:00,2024-01-04 02:30:00,2024-01-04 18:00:00,840,toquio+londres+ny,toquio,treino
JPY,2024-01-10,-1,1.2416,7,0.5814,2024-01-10 03:30:00,2024-01-10 02:30:00,2024-01-11 00:00:00,1230,toquio+londres+ny,toquio,treino
CAD,2024-01-24,-1,1.1635,7,0.5838,2024-01-24 11:00:00,2024-01-24 02:30:00,2024-01-25 00:00:00,780,toquio+londres+ny,toquio,treino
CHF,2024-01-24,1,1.0663,7,0.5274,2024-01-24 11:00:00,2024-01-24 03:30:00,2024-01-25 00:00:00,780,toquio+londres+ny,toquio,treino
USD,2024-02-02,1,1.3574,7,0.4142,2024-02-02 16:00:00,2024-02-02 16:00:00,2024-02-02 20:00:00,240,londres+ny,londres,treino
JPY,2024-02-08,-1,1.0312,7,0.4875,2024-02-08 04:00:00,2024-02-08 02:30:00,2024-02-08 22:30:00,1110,toquio+londres+ny,toquio,treino
GBP,2024-02-13,1,1.0301,6,0.4256,2024-02-13 09:30:00,2024-02-13 09:30:00,2024-02-13 19:30:00,600,toquio+londres+ny,toquio,treino
USD,2024-02-13,1,1.2093,7,0.3468,2024-02-13 16:00:00,2024-02-13 16:00:00,2024-02-13 22:00:00,360,londres+ny,londres,treino
NZD,2024-02-28,-1,1.4633,7,0.3588,2024-02-28 03:30:00,2024-02-28 03:30:00,2024-02-28 18:30:00,900,toquio+londres+ny,toquio,treino
CHF,2024-02-29,-1,1.0781,7,0.4741,2024-02-29 12:30:00,2024-02-29 03:30:00,2024-02-29 23:00:00,630,londres+ny,londres,treino
JPY,2024-02-29,1,1.2999,7,0.3462,2024-02-29 04:00:00,2024-02-29 02:30:00,2024-02-29 17:30:00,810,toquio+londres+ny,toquio,treino
AUD,2024-03-06,1,1.031,7,0.3487,2024-03-06 05:00:00,2024-03-06 04:30:00,2024-03-06 20:30:00,930,toquio+londres+ny,toquio,treino
USD,2024-03-07,-1,1.1158,7,0.4355,2024-03-07 06:00:00,2024-03-07 02:30:00,2024-03-07 22:00:00,960,toquio+londres+ny,toquio,treino
JPY,2024-03-19,-1,1.4017,7,0.5022,2024-03-19 06:00:00,2024-03-19 03:30:00,2024-03-19 19:30:00,810,toquio+londres+ny,toquio,treino
AUD,2024-03-20,1,1.0018,7,0.4927,2024-03-20 04:00:00,2024-03-20 02:30:00,2024-03-21 00:00:00,1200,toquio+londres+ny,toquio,treino
USD,2024-03-21,1,1.3286,7,0.4228,2024-03-21 11:00:00,2024-03-21 10:30:00,2024-03-21 20:00:00,540,toquio+londres+ny,toquio,treino
AUD,2024-04-10,-1,1.3793,7,0.4433,2024-04-10 14:00:00,2024-04-10 04:00:00,2024-04-10 22:00:00,480,londres+ny,londres,treino
USD,2024-04-10,1,2.006,7,0.4918,2024-04-10 16:00:00,2024-04-10 16:00:00,2024-04-10 19:30:00,210,londres+ny,londres,treino
JPY,2024-04-12,1,1.1419,6,0.3376,2024-04-12 09:30:00,2024-04-12 03:30:00,2024-04-12 16:00:00,390,toquio+londres+ny,toquio,treino
USD,2024-04-12,1,1.1562,7,0.4667,2024-04-12 09:30:00,2024-04-12 06:30:00,2024-04-12 22:00:00,750,toquio+londres+ny,toquio,treino
GBP,2024-04-19,-1,1.1146,7,0.3364,2024-04-19 18:00:00,2024-04-19 17:30:00,2024-04-20 00:00:00,360,londres+ny,londres,treino
JPY,2024-04-26,-1,2.3394,7,0.6184,2024-04-26 08:00:00,2024-04-26 06:30:00,2024-04-27 00:00:00,960,toquio+londres+ny,toquio,treino
USD,2024-04-30,1,1.203,7,0.4509,2024-04-30 06:30:00,2024-04-30 04:00:00,2024-05-01 00:00:00,1050,toquio+londres+ny,toquio,treino
JPY,2024-05-01,1,1.5972,7,0.5723,2024-05-01 23:30:00,2024-05-01 23:30:00,2024-05-02 00:00:00,30,ny,ny,treino
USD,2024-05-15,-1,1.1098,7,0.3764,2024-05-15 07:00:00,2024-05-15 03:30:00,2024-05-15 21:00:00,840,toquio+londres+ny,toquio,treino
CHF,2024-05-30,1,1.6911,7,0.5157,2024-05-30 10:00:00,2024-05-30 07:30:00,2024-05-31 00:00:00,840,toquio+londres+ny,toquio,treino
CAD,2024-06-03,-1,1.1561,7,0.4537,2024-06-03 10:00:00,2024-06-03 05:00:00,2024-06-03 22:00:00,720,toquio+londres+ny,toquio,treino
AUD,2024-06-04,-1,1.0215,7,0.3826,2024-06-04 08:30:00,2024-06-04 04:00:00,2024-06-04 19:30:00,660,toquio+londres+ny,toquio,treino
CHF,2024-06-04,1,1.1457,6,0.3031,2024-06-04 11:00:00,2024-06-04 10:30:00,2024-06-04 20:30:00,570,toquio+londres+ny,toquio,treino
JPY,2024-06-04,1,1.5216,7,0.3217,2024-06-04 10:00:00,2024-06-04 09:00:00,2024-06-04 13:30:00,210,toquio+londres,toquio,treino
NZD,2024-06-07,-1,1.3468,7,0.4749,2024-06-07 16:00:00,2024-06-07 08:30:00,2024-06-07 23:30:00,450,londres+ny,londres,treino
USD,2024-06-07,1,1.5719,7,0.5286,2024-06-07 16:00:00,2024-06-07 16:00:00,2024-06-08 00:00:00,480,londres+ny,londres,treino
EUR,2024-06-13,-1,1.0219,7,0.4325,2024-06-13 17:30:00,2024-06-13 14:30:00,2024-06-14 00:00:00,390,londres+ny,londres,treino
CHF,2024-06-14,1,1.0144,7,0.357,2024-06-14 09:30:00,2024-06-14 03:30:00,2024-06-14 17:30:00,480,toquio+londres+ny,toquio,treino
CAD,2024-07-05,-1,1.1766,7,0.553,2024-07-05 06:30:00,2024-07-05 03:30:00,2024-07-06 00:00:00,1050,toquio+londres+ny,toquio,treino
GBP,2024-07-10,1,1.2534,7,0.5338,2024-07-10 06:00:00,2024-07-10 04:00:00,2024-07-10 22:00:00,960,toquio+londres+ny,toquio,treino
NZD,2024-07-10,-1,1.646,7,0.3671,2024-07-10 05:30:00,2024-07-10 05:30:00,2024-07-10 12:30:00,420,toquio+londres,toquio,treino
CAD,2024-07-11,-1,1.1271,7,0.4183,2024-07-11 10:30:00,2024-07-11 03:30:00,2024-07-11 20:30:00,600,toquio+londres+ny,toquio,treino
JPY,2024-07-11,1,2.8484,7,0.5854,2024-07-11 16:00:00,2024-07-11 16:00:00,2024-07-11 20:00:00,240,londres+ny,londres,treino
CHF,2024-07-17,1,1.6331,6,0.4999,2024-07-17 11:30:00,2024-07-17 11:00:00,2024-07-18 00:00:00,750,toquio+londres+ny,toquio,treino
JPY,2024-07-17,1,1.5384,7,0.3975,2024-07-17 09:00:00,2024-07-17 08:00:00,2024-07-17 22:00:00,780,toquio+londres+ny,toquio,treino
AUD,2024-07-22,-1,1.2184,7,0.4856,2024-07-22 05:00:00,2024-07-22 03:30:00,2024-07-22 17:30:00,750,toquio+londres+ny,toquio,treino
JPY,2024-07-23,1,1.2471,7,0.4305,2024-07-23 06:30:00,2024-07-23 03:30:00,2024-07-24 00:00:00,1050,toquio+londres+ny,toquio,treino
AUD,2024-07-24,-1,1.0621,7,0.3835,2024-07-24 06:30:00,2024-07-24 04:30:00,2024-07-25 00:00:00,1050,toquio+londres+ny,toquio,treino
CHF,2024-07-24,1,1.2811,6,0.4646,2024-07-24 10:30:00,2024-07-24 06:30:00,2024-07-24 17:30:00,420,toquio+londres+ny,toquio,treino
JPY,2024-07-24,1,1.3767,7,0.3618,2024-07-24 04:30:00,2024-07-24 04:30:00,2024-07-24 18:00:00,810,toquio+londres+ny,toquio,treino
CHF,2024-08-01,1,1.3066,7,0.4639,2024-08-01 09:30:00,2024-08-01 03:30:00,2024-08-01 22:00:00,750,toquio+londres+ny,toquio,treino
GBP,2024-08-01,-1,1.3792,7,0.3392,2024-08-01 09:30:00,2024-08-01 07:00:00,2024-08-01 22:00:00,750,toquio+londres+ny,toquio,treino
CAD,2024-08-02,-1,1.1372,6,0.3476,2024-08-02 12:30:00,2024-08-02 11:00:00,2024-08-03 00:00:00,690,londres+ny,londres,treino
CHF,2024-08-02,1,1.5071,6,0.3711,2024-08-02 16:00:00,2024-08-02 11:00:00,2024-08-03 00:00:00,480,londres+ny,londres,treino
USD,2024-08-02,-1,1.3026,7,0.4452,2024-08-02 09:00:00,2024-08-02 05:00:00,2024-08-02 17:30:00,510,toquio+londres+ny,toquio,treino
GBP,2024-08-06,-1,1.261,7,0.4458,2024-08-06 11:00:00,2024-08-06 03:30:00,2024-08-07 00:00:00,780,toquio+londres+ny,toquio,treino
AUD,2024-08-08,1,1.1307,7,0.3827,2024-08-08 05:30:00,2024-08-08 04:30:00,2024-08-08 22:00:00,990,toquio+londres+ny,toquio,treino
USD,2024-08-23,-1,1.2011,7,0.4415,2024-08-23 17:30:00,2024-08-23 03:30:00,2024-08-23 21:30:00,240,londres+ny,londres,treino
AUD,2024-09-03,-1,1.372,7,0.4982,2024-09-03 06:00:00,2024-09-03 05:00:00,2024-09-03 23:30:00,1050,toquio+londres+ny,toquio,treino
JPY,2024-09-03,1,1.1589,7,0.3391,2024-09-03 06:30:00,2024-09-03 05:00:00,2024-09-04 00:00:00,1050,toquio+londres+ny,toquio,treino
AUD,2024-09-06,-1,1.1494,7,0.3621,2024-09-06 17:00:00,2024-09-06 16:30:00,2024-09-06 23:30:00,390,londres+ny,londres,treino
JPY,2024-09-06,1,1.0996,7,0.3232,2024-09-06 17:30:00,2024-09-06 03:30:00,2024-09-06 19:00:00,90,londres+ny,londres,treino
EUR,2024-09-23,-1,1.3274,7,0.4727,2024-09-23 10:30:00,2024-09-23 06:30:00,2024-09-23 22:00:00,690,toquio+londres+ny,toquio,treino
USD,2024-09-25,1,1.1705,7,0.5289,2024-09-25 10:00:00,2024-09-25 03:30:00,2024-09-25 23:00:00,780,toquio+londres+ny,toquio,treino
JPY,2024-09-27,1,1.7615,7,0.3089,2024-09-27 09:30:00,2024-09-27 09:30:00,2024-09-27 21:30:00,720,toquio+londres+ny,toquio,treino
CAD,2024-10-01,1,1.0065,7,0.4944,2024-10-01 11:00:00,2024-10-01 05:30:00,2024-10-01 20:00:00,540,toquio+londres+ny,toquio,treino
JPY,2024-10-02,-1,1.3416,7,0.5147,2024-10-02 10:30:00,2024-10-02 09:00:00,2024-10-02 23:00:00,750,toquio+londres+ny,toquio,treino
GBP,2024-10-03,-1,1.0605,7,0.4043,2024-10-03 08:30:00,2024-10-03 08:30:00,2024-10-03 14:30:00,360,toquio+londres,toquio,treino
JPY,2024-11-06,-1,1.138,7,0.3366,2024-11-06 03:00:00,2024-11-06 02:30:00,2024-11-06 20:30:00,1050,toquio+londres+ny,toquio,treino
USD,2024-11-06,1,2.3745,7,0.3307,2024-11-06 02:30:00,2024-11-06 02:30:00,2024-11-06 16:30:00,840,toquio+londres+ny,toquio,treino
AUD,2024-11-07,1,1.2437,7,0.4354,2024-11-07 04:00:00,2024-11-07 02:30:00,2024-11-07 18:00:00,840,toquio+londres+ny,toquio,treino
USD,2024-11-07,-1,1.2726,7,0.3759,2024-11-07 05:00:00,2024-11-07 04:00:00,2024-11-07 17:30:00,750,toquio+londres+ny,toquio,treino
AUD,2024-11-08,-1,1.3154,7,0.5113,2024-11-08 05:30:00,2024-11-08 02:30:00,2024-11-08 19:30:00,840,toquio+londres+ny,toquio,treino
JPY,2024-11-08,1,1.155,7,0.4035,2024-11-08 05:30:00,2024-11-08 04:00:00,2024-11-08 19:30:00,840,toquio+londres+ny,toquio,treino
JPY,2024-11-15,1,1.637,7,0.479,2024-11-15 10:00:00,2024-11-15 08:30:00,2024-11-15 21:00:00,660,toquio+londres+ny,toquio,treino
AUD,2024-12-04,-1,1.1908,7,0.323,2024-12-04 03:00:00,2024-12-04 03:00:00,2024-12-04 15:00:00,720,toquio+londres,toquio,treino
NZD,2024-12-18,-1,1.727,7,0.6258,2024-12-18 06:30:00,2024-12-18 02:30:00,2024-12-19 00:00:00,1050,toquio+londres+ny,toquio,treino
USD,2024-12-18,1,1.8485,7,0.6024,2024-12-18 19:00:00,2024-12-18 02:30:00,2024-12-19 00:00:00,300,londres+ny,londres,treino
JPY,2024-12-19,-1,1.7216,7,0.4297,2024-12-19 05:00:00,2024-12-19 02:30:00,2024-12-19 18:30:00,810,toquio+londres+ny,toquio,treino
EUR,2025-01-02,-1,1.0325,6,0.3795,2025-01-02 12:30:00,2025-01-02 02:30:00,2025-01-02 18:30:00,360,londres+ny,londres,validacao
GBP,2025-01-02,-1,1.3073,7,0.4566,2025-01-02 10:30:00,2025-01-02 02:30:00,2025-01-02 17:30:00,420,toquio+londres+ny,toquio,validacao
GBP,2025-01-08,-1,1.0821,7,0.3835,2025-01-08 13:30:00,2025-01-08 09:30:00,2025-01-08 17:00:00,210,londres+ny,londres,validacao
JPY,2025-01-15,1,1.1076,7,0.3843,2025-01-15 07:00:00,2025-01-15 02:30:00,2025-01-15 18:00:00,660,toquio+londres+ny,toquio,validacao
JPY,2025-01-16,1,1.0078,7,0.3027,2025-01-16 03:30:00,2025-01-16 03:30:00,2025-01-17 00:00:00,1230,toquio+londres+ny,toquio,validacao
USD,2025-01-20,-1,1.3757,7,0.3371,2025-01-20 16:00:00,2025-01-20 02:30:00,2025-01-20 22:00:00,360,londres+ny,londres,validacao
JPY,2025-01-30,1,1.0075,7,0.3286,2025-01-30 03:00:00,2025-01-30 02:30:00,2025-01-31 00:00:00,1260,toquio+londres+ny,toquio,validacao
CAD,2025-02-03,1,1.4417,7,0.3061,2025-02-03 17:30:00,2025-02-03 08:00:00,2025-02-04 00:00:00,390,londres+ny,londres,validacao
JPY,2025-02-06,1,1.0143,7,0.4104,2025-02-06 03:00:00,2025-02-06 02:30:00,2025-02-06 21:30:00,1110,toquio+londres+ny,toquio,validacao
USD,2025-02-27,1,1.1162,7,0.4386,2025-02-27 06:00:00,2025-02-27 02:30:00,2025-02-27 23:30:00,1050,toquio+londres+ny,toquio,validacao
CAD,2025-03-03,-1,1.1056,7,0.3224,2025-03-03 16:30:00,2025-03-03 11:30:00,2025-03-03 22:30:00,360,londres+ny,londres,validacao
EUR,2025-03-04,1,1.1422,7,0.3869,2025-03-04 15:00:00,2025-03-04 13:30:00,2025-03-04 22:30:00,450,londres+ny,londres,validacao
USD,2025-03-04,-1,1.018,6,0.3182,2025-03-04 10:30:00,2025-03-04 08:30:00,2025-03-05 00:00:00,810,toquio+londres+ny,toquio,validacao
CHF,2025-03-05,-1,1.1903,7,0.3555,2025-03-05 16:00:00,2025-03-05 13:30:00,2025-03-05 22:30:00,390,londres+ny,londres,validacao
EUR,2025-03-05,1,1.518,7,0.4142,2025-03-05 10:00:00,2025-03-05 03:00:00,2025-03-05 19:30:00,570,toquio+londres+ny,toquio,validacao
AUD,2025-04-04,-1,4.2926,7,0.4811,2025-04-04 06:00:00,2025-04-04 04:00:00,2025-04-04 20:00:00,840,toquio+londres+ny,toquio,validacao
NZD,2025-04-04,-1,2.0361,6,0.394,2025-04-04 05:30:00,2025-04-04 03:30:00,2025-04-04 20:30:00,900,toquio+londres+ny,toquio,validacao
USD,2025-04-04,1,1.8298,7,0.3506,2025-04-04 10:30:00,2025-04-04 09:00:00,2025-04-04 20:30:00,600,toquio+londres+ny,toquio,validacao
GBP,2025-04-07,-1,1.2621,6,0.44,2025-04-07 10:00:00,2025-04-07 04:30:00,2025-04-07 23:00:00,780,toquio+londres+ny,toquio,validacao
CHF,2025-04-08,1,1.2208,7,0.3081,2025-04-08 20:00:00,2025-04-08 18:30:00,2025-04-09 00:00:00,240,ny,ny,validacao
CHF,2025-04-10,1,1.9786,7,0.4223,2025-04-10 11:30:00,2025-04-10 11:00:00,2025-04-11 00:00:00,750,toquio+londres+ny,toquio,validacao
USD,2025-04-10,-1,1.5489,7,0.4697,2025-04-10 07:00:00,2025-04-10 03:30:00,2025-04-10 21:30:00,870,toquio+londres+ny,toquio,validacao
JPY,2025-05-01,-1,1.3445,7,0.4198,2025-05-01 06:30:00,2025-05-01 05:00:00,2025-05-01 22:00:00,930,toquio+londres+ny,toquio,validacao
USD,2025-05-12,1,1.0761,7,0.3047,2025-05-12 10:30:00,2025-05-12 10:00:00,2025-05-12 21:30:00,660,toquio+londres+ny,toquio,validacao
USD,2025-05-23,-1,1.1188,7,0.5653,2025-05-23 05:00:00,2025-05-23 03:30:00,2025-05-23 23:30:00,1110,toquio+londres+ny,toquio,validacao
GBP,2025-07-02,-1,1.2084,7,0.4768,2025-07-02 15:00:00,2025-07-02 11:00:00,2025-07-02 17:30:00,150,londres+ny,londres,validacao
AUD,2025-07-10,1,1.1417,7,0.5495,2025-07-10 06:00:00,2025-07-10 03:30:00,2025-07-10 23:00:00,1020,toquio+londres+ny,toquio,validacao
EUR,2025-07-28,-1,1.4919,7,0.6157,2025-07-28 10:30:00,2025-07-28 05:00:00,2025-07-29 00:00:00,810,toquio+londres+ny,toquio,validacao
USD,2025-07-28,1,1.0657,7,0.4051,2025-07-28 09:30:00,2025-07-28 07:30:00,2025-07-28 22:30:00,780,toquio+londres+ny,toquio,validacao
USD,2025-07-30,1,1.2625,7,0.4417,2025-07-30 15:30:00,2025-07-30 13:30:00,2025-07-30 23:30:00,480,londres+ny,londres,validacao
JPY,2025-07-31,-1,1.0933,7,0.3533,2025-07-31 11:00:00,2025-07-31 10:30:00,2025-07-31 22:30:00,690,toquio+londres+ny,toquio,validacao
JPY,2025-08-01,1,2.1691,7,0.6335,2025-08-01 12:00:00,2025-08-01 05:30:00,2025-08-01 23:00:00,660,toquio+londres+ny,toquio,validacao
CHF,2025-08-20,1,1.0581,7,0.504,2025-08-20 11:30:00,2025-08-20 05:30:00,2025-08-21 00:00:00,750,toquio+londres+ny,toquio,validacao
NZD,2025-08-20,-1,2.0172,7,0.4079,2025-08-20 05:30:00,2025-08-20 03:30:00,2025-08-20 17:00:00,690,toquio+londres+ny,toquio,validacao
USD,2025-08-22,-1,1.4124,7,0.4222,2025-08-22 17:30:00,2025-08-22 17:30:00,2025-08-22 20:30:00,180,londres+ny,londres,validacao
EUR,2025-08-25,-1,1.0716,7,0.4758,2025-08-25 13:30:00,2025-08-25 06:00:00,2025-08-26 00:00:00,630,londres+ny,londres,validacao
GBP,2025-09-02,-1,1.3428,7,0.3737,2025-09-02 10:30:00,2025-09-02 10:30:00,2025-09-02 18:30:00,480,toquio+londres+ny,toquio,validacao
CAD,2025-09-05,-1,1.0949,7,0.4262,2025-09-05 16:00:00,2025-09-05 04:00:00,2025-09-05 20:30:00,270,londres+ny,londres,validacao
CHF,2025-09-16,1,1.3836,7,0.6942,2025-09-16 10:30:00,2025-09-16 03:30:00,2025-09-17 00:00:00,810,toquio+londres+ny,toquio,validacao
